<keymap version="1" name="Default copy" parent="$default">
  <action id="$Copy">
    <keyboard-shortcut first-keystroke="ctrl c" />
    <keyboard-shortcut first-keystroke="meta c" />
  </action>
  <action id="$Paste">
    <keyboard-shortcut first-keystroke="ctrl v" />
    <keyboard-shortcut first-keystroke="meta v" />
  </action>
  <action id="Annotate">
    <keyboard-shortcut first-keystroke="ctrl meta a" />
  </action>
  <action id="CloseAllEditorsButActive">
    <keyboard-shortcut first-keystroke="ctrl alt 1" />
  </action>
  <action id="Editor Copy">
    <keyboard-shortcut first-keystroke="meta c" />
  </action>
  <action id="Editor Paste">
    <keyboard-shortcut first-keystroke="meta v" />
  </action>
  <action id="NewDir">
    <keyboard-shortcut first-keystroke="alt d" />
  </action>
  <action id="NewFile">
    <keyboard-shortcut first-keystroke="alt f" />
  </action>
  <action id="PasteMultiple">
    <keyboard-shortcut first-keystroke="shift ctrl v" />
    <keyboard-shortcut first-keystroke="shift meta v" />
  </action>
  <action id="RevealIn">
    <keyboard-shortcut first-keystroke="alt s" />
  </action>
  <action id="Scala.ShowImplicits">
    <keyboard-shortcut first-keystroke="shift ctrl alt equals" />
    <keyboard-shortcut first-keystroke="shift ctrl alt add" />
  </action>
</keymap>