<application>
  <component name="libraryTable">
    <library name="Python 3.6 (inference) interpreter library">
      <CLASSES>
        <root url="file:///usr/local/anaconda3/envs/inference/lib/python3.6" />
        <root url="file:///usr/local/anaconda3/envs/inference/lib/python3.6/lib-dynload" />
        <root url="file:///usr/local/anaconda3/envs/inference/lib/python3.6/site-packages" />
        <root url="file://$USER_HOME$/Library/Caches/IdeaIC2019.3/python_stubs/284987086" />
        <root url="file://$APPLICATION_PLUGINS_DIR$/python-ce/helpers/python-skeletons" />
        <root url="file://$APPLICATION_PLUGINS_DIR$/python-ce/helpers/typeshed/stdlib/3" />
        <root url="file://$APPLICATION_PLUGINS_DIR$/python-ce/helpers/typeshed/stdlib/2and3" />
        <root url="file://$APPLICATION_PLUGINS_DIR$/python-ce/helpers/typeshed/third_party/3" />
        <root url="file://$APPLICATION_PLUGINS_DIR$/python-ce/helpers/typeshed/third_party/2and3" />
      </CLASSES>
      <JAVADOC />
      <SOURCES>
        <root url="file:///usr/local/anaconda3/envs/inference/lib/python3.6" />
        <root url="file:///usr/local/anaconda3/envs/inference/lib/python3.6/lib-dynload" />
        <root url="file:///usr/local/anaconda3/envs/inference/lib/python3.6/site-packages" />
        <root url="file://$USER_HOME$/Library/Caches/IdeaIC2019.3/python_stubs/284987086" />
        <root url="file://$APPLICATION_PLUGINS_DIR$/python-ce/helpers/python-skeletons" />
        <root url="file://$APPLICATION_PLUGINS_DIR$/python-ce/helpers/typeshed/stdlib/3" />
        <root url="file://$APPLICATION_PLUGINS_DIR$/python-ce/helpers/typeshed/stdlib/2and3" />
        <root url="file://$APPLICATION_PLUGINS_DIR$/python-ce/helpers/typeshed/third_party/3" />
        <root url="file://$APPLICATION_PLUGINS_DIR$/python-ce/helpers/typeshed/third_party/2and3" />
      </SOURCES>
    </library>
    <library name="Python 3.6 (ml) (2) interpreter library">
      <CLASSES>
        <root url="file:///usr/local/anaconda3/envs/ml/lib/python3.6" />
        <root url="file:///usr/local/anaconda3/envs/ml/lib/python3.6/lib-dynload" />
        <root url="file:///usr/local/anaconda3/envs/ml/lib/python3.6/site-packages" />
        <root url="file://$USER_HOME$/Library/Caches/IdeaIC2019.3/python_stubs/1482049440" />
        <root url="file://$APPLICATION_PLUGINS_DIR$/python-ce/helpers/python-skeletons" />
        <root url="file://$APPLICATION_PLUGINS_DIR$/python-ce/helpers/typeshed/stdlib/3" />
        <root url="file://$APPLICATION_PLUGINS_DIR$/python-ce/helpers/typeshed/stdlib/2and3" />
        <root url="file://$APPLICATION_PLUGINS_DIR$/python-ce/helpers/typeshed/third_party/3" />
        <root url="file://$APPLICATION_PLUGINS_DIR$/python-ce/helpers/typeshed/third_party/2and3" />
      </CLASSES>
      <JAVADOC />
      <SOURCES>
        <root url="file:///usr/local/anaconda3/envs/ml/lib/python3.6" />
        <root url="file:///usr/local/anaconda3/envs/ml/lib/python3.6/lib-dynload" />
        <root url="file:///usr/local/anaconda3/envs/ml/lib/python3.6/site-packages" />
        <root url="file://$USER_HOME$/Library/Caches/IdeaIC2019.3/python_stubs/1482049440" />
        <root url="file://$APPLICATION_PLUGINS_DIR$/python-ce/helpers/python-skeletons" />
        <root url="file://$APPLICATION_PLUGINS_DIR$/python-ce/helpers/typeshed/stdlib/3" />
        <root url="file://$APPLICATION_PLUGINS_DIR$/python-ce/helpers/typeshed/stdlib/2and3" />
        <root url="file://$APPLICATION_PLUGINS_DIR$/python-ce/helpers/typeshed/third_party/3" />
        <root url="file://$APPLICATION_PLUGINS_DIR$/python-ce/helpers/typeshed/third_party/2and3" />
      </SOURCES>
    </library>
    <library name="Python 3.6 (ml) interpreter library">
      <CLASSES>
        <root url="file:///usr/local/anaconda3/envs/ml/lib/python3.6" />
        <root url="file:///usr/local/anaconda3/envs/ml/lib/python3.6/lib-dynload" />
        <root url="file:///usr/local/anaconda3/envs/ml/lib/python3.6/site-packages" />
        <root url="file://$USER_HOME$/Library/Caches/IdeaIC2019.3/python_stubs/-528885349" />
        <root url="file://$APPLICATION_PLUGINS_DIR$/python-ce/helpers/python-skeletons" />
        <root url="file://$APPLICATION_PLUGINS_DIR$/python-ce/helpers/typeshed/stdlib/3" />
        <root url="file://$APPLICATION_PLUGINS_DIR$/python-ce/helpers/typeshed/stdlib/2and3" />
        <root url="file://$APPLICATION_PLUGINS_DIR$/python-ce/helpers/typeshed/third_party/3" />
        <root url="file://$APPLICATION_PLUGINS_DIR$/python-ce/helpers/typeshed/third_party/2and3" />
      </CLASSES>
      <JAVADOC />
      <SOURCES>
        <root url="file:///usr/local/anaconda3/envs/ml/lib/python3.6" />
        <root url="file:///usr/local/anaconda3/envs/ml/lib/python3.6/lib-dynload" />
        <root url="file:///usr/local/anaconda3/envs/ml/lib/python3.6/site-packages" />
        <root url="file://$USER_HOME$/Library/Caches/IdeaIC2019.3/python_stubs/-528885349" />
        <root url="file://$APPLICATION_PLUGINS_DIR$/python-ce/helpers/python-skeletons" />
        <root url="file://$APPLICATION_PLUGINS_DIR$/python-ce/helpers/typeshed/stdlib/3" />
        <root url="file://$APPLICATION_PLUGINS_DIR$/python-ce/helpers/typeshed/stdlib/2and3" />
        <root url="file://$APPLICATION_PLUGINS_DIR$/python-ce/helpers/typeshed/third_party/3" />
        <root url="file://$APPLICATION_PLUGINS_DIR$/python-ce/helpers/typeshed/third_party/2and3" />
      </SOURCES>
    </library>
    <library name="Python 3.6 (tsdp) interpreter library">
      <CLASSES>
        <root url="file:///usr/local/anaconda3/envs/tsdp/lib/python3.6" />
        <root url="file:///usr/local/anaconda3/envs/tsdp/lib/python3.6/lib-dynload" />
        <root url="file:///usr/local/anaconda3/envs/tsdp/lib/python3.6/site-packages" />
        <root url="file://$USER_HOME$/Library/Caches/IdeaIC2019.3/python_stubs/1389950836" />
        <root url="file://$APPLICATION_PLUGINS_DIR$/python-ce/helpers/python-skeletons" />
        <root url="file://$APPLICATION_PLUGINS_DIR$/python-ce/helpers/typeshed/stdlib/3" />
        <root url="file://$APPLICATION_PLUGINS_DIR$/python-ce/helpers/typeshed/stdlib/2and3" />
        <root url="file://$APPLICATION_PLUGINS_DIR$/python-ce/helpers/typeshed/third_party/3" />
        <root url="file://$APPLICATION_PLUGINS_DIR$/python-ce/helpers/typeshed/third_party/2and3" />
      </CLASSES>
      <JAVADOC />
      <SOURCES>
        <root url="file:///usr/local/anaconda3/envs/tsdp/lib/python3.6" />
        <root url="file:///usr/local/anaconda3/envs/tsdp/lib/python3.6/lib-dynload" />
        <root url="file:///usr/local/anaconda3/envs/tsdp/lib/python3.6/site-packages" />
        <root url="file://$USER_HOME$/Library/Caches/IdeaIC2019.3/python_stubs/1389950836" />
        <root url="file://$APPLICATION_PLUGINS_DIR$/python-ce/helpers/python-skeletons" />
        <root url="file://$APPLICATION_PLUGINS_DIR$/python-ce/helpers/typeshed/stdlib/3" />
        <root url="file://$APPLICATION_PLUGINS_DIR$/python-ce/helpers/typeshed/stdlib/2and3" />
        <root url="file://$APPLICATION_PLUGINS_DIR$/python-ce/helpers/typeshed/third_party/3" />
        <root url="file://$APPLICATION_PLUGINS_DIR$/python-ce/helpers/typeshed/third_party/2and3" />
      </SOURCES>
    </library>
    <library name="Python 3.7 (jack) interpreter library">
      <CLASSES>
        <root url="file:///usr/local/Cellar/python/3.7.6_1/Frameworks/Python.framework/Versions/3.7/lib/python3.7" />
        <root url="file:///usr/local/Cellar/python/3.7.6_1/Frameworks/Python.framework/Versions/3.7/lib/python3.7/lib-dynload" />
        <root url="file://$USER_HOME$/JACK/venv/lib/python3.7/site-packages" />
        <root url="file:///usr/local/lib/python3.7/site-packages" />
        <root url="file://$USER_HOME$/Library/Caches/IdeaIC2019.3/python_stubs/-203235683" />
        <root url="file://$APPLICATION_PLUGINS_DIR$/python-ce/helpers/python-skeletons" />
        <root url="file://$APPLICATION_PLUGINS_DIR$/python-ce/helpers/typeshed/stdlib/3" />
        <root url="file://$APPLICATION_PLUGINS_DIR$/python-ce/helpers/typeshed/stdlib/2and3" />
        <root url="file://$APPLICATION_PLUGINS_DIR$/python-ce/helpers/typeshed/third_party/3" />
        <root url="file://$APPLICATION_PLUGINS_DIR$/python-ce/helpers/typeshed/third_party/2and3" />
      </CLASSES>
      <JAVADOC />
      <SOURCES>
        <root url="file:///usr/local/Cellar/python/3.7.6_1/Frameworks/Python.framework/Versions/3.7/lib/python3.7" />
        <root url="file:///usr/local/Cellar/python/3.7.6_1/Frameworks/Python.framework/Versions/3.7/lib/python3.7/lib-dynload" />
        <root url="file://$USER_HOME$/JACK/venv/lib/python3.7/site-packages" />
        <root url="file:///usr/local/lib/python3.7/site-packages" />
        <root url="file://$USER_HOME$/Library/Caches/IdeaIC2019.3/python_stubs/-203235683" />
        <root url="file://$APPLICATION_PLUGINS_DIR$/python-ce/helpers/python-skeletons" />
        <root url="file://$APPLICATION_PLUGINS_DIR$/python-ce/helpers/typeshed/stdlib/3" />
        <root url="file://$APPLICATION_PLUGINS_DIR$/python-ce/helpers/typeshed/stdlib/2and3" />
        <root url="file://$APPLICATION_PLUGINS_DIR$/python-ce/helpers/typeshed/third_party/3" />
        <root url="file://$APPLICATION_PLUGINS_DIR$/python-ce/helpers/typeshed/third_party/2and3" />
      </SOURCES>
    </library>
    <library name="Python 3.7 (venv) interpreter library">
      <CLASSES>
        <root url="file:///usr/local/Cellar/python/3.7.6_1/Frameworks/Python.framework/Versions/3.7/lib/python3.7" />
        <root url="file:///usr/local/Cellar/python/3.7.6_1/Frameworks/Python.framework/Versions/3.7/lib/python3.7/lib-dynload" />
        <root url="file://$USER_HOME$/WORK/VIRTUAL_ENVS/venv/lib/python3.7/site-packages" />
        <root url="jar://$USER_HOME$/WORK/VIRTUAL_ENVS/venv/lib/python3.7/site-packages/setuptools-40.8.0-py3.7.egg!/" />
        <root url="file://$USER_HOME$/WORK/VIRTUAL_ENVS/venv/lib/python3.7/site-packages/pip-19.0.3-py3.7.egg" />
        <root url="file://$USER_HOME$/Library/Caches/IdeaIC2019.3/python_stubs/-7700108" />
        <root url="file://$APPLICATION_PLUGINS_DIR$/python-ce/helpers/python-skeletons" />
        <root url="file://$APPLICATION_PLUGINS_DIR$/python-ce/helpers/typeshed/stdlib/3" />
        <root url="file://$APPLICATION_PLUGINS_DIR$/python-ce/helpers/typeshed/stdlib/2and3" />
        <root url="file://$APPLICATION_PLUGINS_DIR$/python-ce/helpers/typeshed/third_party/3" />
        <root url="file://$APPLICATION_PLUGINS_DIR$/python-ce/helpers/typeshed/third_party/2and3" />
      </CLASSES>
      <JAVADOC />
      <SOURCES>
        <root url="file:///usr/local/Cellar/python/3.7.6_1/Frameworks/Python.framework/Versions/3.7/lib/python3.7" />
        <root url="file:///usr/local/Cellar/python/3.7.6_1/Frameworks/Python.framework/Versions/3.7/lib/python3.7/lib-dynload" />
        <root url="file://$USER_HOME$/WORK/VIRTUAL_ENVS/venv/lib/python3.7/site-packages" />
        <root url="jar://$USER_HOME$/WORK/VIRTUAL_ENVS/venv/lib/python3.7/site-packages/setuptools-40.8.0-py3.7.egg!/" />
        <root url="file://$USER_HOME$/WORK/VIRTUAL_ENVS/venv/lib/python3.7/site-packages/pip-19.0.3-py3.7.egg" />
        <root url="file://$USER_HOME$/Library/Caches/IdeaIC2019.3/python_stubs/-7700108" />
        <root url="file://$APPLICATION_PLUGINS_DIR$/python-ce/helpers/python-skeletons" />
        <root url="file://$APPLICATION_PLUGINS_DIR$/python-ce/helpers/typeshed/stdlib/3" />
        <root url="file://$APPLICATION_PLUGINS_DIR$/python-ce/helpers/typeshed/stdlib/2and3" />
        <root url="file://$APPLICATION_PLUGINS_DIR$/python-ce/helpers/typeshed/third_party/3" />
        <root url="file://$APPLICATION_PLUGINS_DIR$/python-ce/helpers/typeshed/third_party/2and3" />
      </SOURCES>
    </library>
    <library name="Python 3.7 (wmt) interpreter library">
      <CLASSES>
        <root url="file:///usr/local/Cellar/python/3.7.6_1/Frameworks/Python.framework/Versions/3.7/lib/python3.7" />
        <root url="file:///usr/local/Cellar/python/3.7.6_1/Frameworks/Python.framework/Versions/3.7/lib/python3.7/lib-dynload" />
        <root url="file://$USER_HOME$/JACK/wmt_notebooks/wmt/lib/python3.7/site-packages" />
        <root url="jar://$USER_HOME$/JACK/wmt_notebooks/wmt/lib/python3.7/site-packages/setuptools-40.8.0-py3.7.egg!/" />
        <root url="file://$USER_HOME$/JACK/wmt_notebooks/wmt/lib/python3.7/site-packages/pip-19.0.3-py3.7.egg" />
        <root url="file://$USER_HOME$/Library/Caches/IdeaIC2019.3/python_stubs/-1657739988" />
        <root url="file://$APPLICATION_PLUGINS_DIR$/python-ce/helpers/python-skeletons" />
        <root url="file://$APPLICATION_PLUGINS_DIR$/python-ce/helpers/typeshed/stdlib/3" />
        <root url="file://$APPLICATION_PLUGINS_DIR$/python-ce/helpers/typeshed/stdlib/2and3" />
        <root url="file://$APPLICATION_PLUGINS_DIR$/python-ce/helpers/typeshed/third_party/3" />
        <root url="file://$APPLICATION_PLUGINS_DIR$/python-ce/helpers/typeshed/third_party/2and3" />
      </CLASSES>
      <JAVADOC />
      <SOURCES>
        <root url="file:///usr/local/Cellar/python/3.7.6_1/Frameworks/Python.framework/Versions/3.7/lib/python3.7" />
        <root url="file:///usr/local/Cellar/python/3.7.6_1/Frameworks/Python.framework/Versions/3.7/lib/python3.7/lib-dynload" />
        <root url="file://$USER_HOME$/JACK/wmt_notebooks/wmt/lib/python3.7/site-packages" />
        <root url="jar://$USER_HOME$/JACK/wmt_notebooks/wmt/lib/python3.7/site-packages/setuptools-40.8.0-py3.7.egg!/" />
        <root url="file://$USER_HOME$/JACK/wmt_notebooks/wmt/lib/python3.7/site-packages/pip-19.0.3-py3.7.egg" />
        <root url="file://$USER_HOME$/Library/Caches/IdeaIC2019.3/python_stubs/-1657739988" />
        <root url="file://$APPLICATION_PLUGINS_DIR$/python-ce/helpers/python-skeletons" />
        <root url="file://$APPLICATION_PLUGINS_DIR$/python-ce/helpers/typeshed/stdlib/3" />
        <root url="file://$APPLICATION_PLUGINS_DIR$/python-ce/helpers/typeshed/stdlib/2and3" />
        <root url="file://$APPLICATION_PLUGINS_DIR$/python-ce/helpers/typeshed/third_party/3" />
        <root url="file://$APPLICATION_PLUGINS_DIR$/python-ce/helpers/typeshed/third_party/2and3" />
      </SOURCES>
    </library>
    <library name="scala-sdk-2.13.0" type="Scala">
      <properties>
        <language-level>Scala_2_13</language-level>
        <compiler-classpath>
          <root url="file://$USER_HOME$/.ivy2/cache/org.scala-lang/scala-compiler/jars/scala-compiler-2.13.0.jar" />
          <root url="file://$USER_HOME$/.ivy2/cache/org.scala-lang/scala-reflect/jars/scala-reflect-2.13.0.jar" />
          <root url="file://$USER_HOME$/.ivy2/cache/org.scala-lang/scala-library/jars/scala-library-2.13.0.jar" />
        </compiler-classpath>
      </properties>
      <CLASSES>
        <root url="jar://$USER_HOME$/.ivy2/cache/org.scala-lang/scala-reflect/jars/scala-reflect-2.13.0.jar!/" />
        <root url="jar://$USER_HOME$/.ivy2/cache/org.scala-lang/scala-library/jars/scala-library-2.13.0.jar!/" />
        <root url="jar://$USER_HOME$/.ivy2/cache/org.scala-lang/scala-reflect/srcs/scala-reflect-2.13.0-sources.jar!/" />
        <root url="jar://$USER_HOME$/.ivy2/cache/org.scala-lang/scala-library/srcs/scala-library-2.13.0-sources.jar!/" />
      </CLASSES>
      <JAVADOC>
        <root url="jar://$USER_HOME$/.ivy2/cache/org.scala-lang/scala-reflect/docs/scala-reflect-2.13.0-javadoc.jar!/" />
        <root url="jar://$USER_HOME$/.ivy2/cache/org.scala-lang/scala-library/docs/scala-library-2.13.0-javadoc.jar!/" />
      </JAVADOC>
      <SOURCES />
    </library>
  </component>
</application>